id,label,type,detail
Aaron Martin Caricol,Aaron Martin Caricol,1,na
Abdou Lakhad Diallo,Abdou Lakhad Diallo,1,na
Achraf Hakimi,Achraf Hakimi,1,na
Adam Bodzek,Adam Bodzek,1,na
Adam Csaba Szalai,Adam Csaba Szalai,1,na
Adam Zrelak,Adam Zrelak,1,na
Admir Mehmedi,Admir Mehmedi,1,na
Ahmet Guerleyen,Ahmet Guerleyen,1,na
Alassane Plea,Alassane Plea,1,na
Aleksandar Dragovic,Aleksandar Dragovic,1,na
Alessandro Schoepf,Alessandro Schoepf,1,na
Alexander Esswein,Alexander Esswein,1,na
Alexander Fuchs,Alexander Fuchs,1,na
Alexander Hack,Alexander Hack,1,na
Alexander Isak,Alexander Isak,1,na
Alexander Niklas Meyer Schade,Alexander Niklas Meyer Schade,1,na
Alexander Nuebel,Alexander Nuebel,1,na
Alexander Schwolow,Alexander Schwolow,1,na
Alexander Stolz,Alexander Stolz,1,na
Alexandru Iulian Maxim,Alexandru Iulian Maxim,1,na
Alfred Finnbogason,Alfred Finnbogason,1,na
Alfredo Morales,Alfredo Morales,1,na
Allan Rodrigues de Souza,Allan Rodrigues de Souza,1,na
Amine Harit,Amine Harit,1,na
Amir Malush Abrashi,Amir Malush Abrashi,1,na
Anastasios Donis,Anastasios Donis,1,na
Andre Hahn,Andre Hahn,1,na
Andre Hoffmann,Andre Hoffmann,1,na
Andreas Beck,Andreas Beck,1,na
Andreas Luthe,Andreas Luthe,1,na
Andreas Poulsen,Andreas Poulsen,1,na
Andrej Kramaric,Andrej Kramaric,1,na
Ante Rebic,Ante Rebic,1,na
Anthony Ujah,Anthony Ujah,1,na
Arjen Robben,Arjen Robben,1,na
Armindo Tue Na Bangna,Armindo Tue Na Bangna,1,na
Arne Maier,Arne Maier,1,na
Aron Johannsson,Aron Johannsson,1,na
Atinc Nukan,Atinc Nukan,1,na
Axel Laurent Angel Lambert Witsel,Axel Laurent Angel Lambert Witsel,1,na
Aymen Barkok,Aymen Barkok,1,na
Baba Abdul Rahman,Baba Abdul Rahman,1,na
Bastian Oczipka,Bastian Oczipka,1,na
Benito Raman,Benito Raman,1,na
Benjamin Fernand Lucien Francois Stambouli,Benjamin Fernand Lucien Francois Stambouli,1,na
Benjamin Goller,Benjamin Goller,1,na
Benjamin Huebner,Benjamin Huebner,1,na
Benjamin Pavard,Benjamin Pavard,1,na
Berkay Oezcan,Berkay Oezcan,1,na
Bobby Shou Wood,Bobby Shou Wood,1,na
Borna Sosa,Borna Sosa,1,na
Bote Nzuzi Baku,Bote Nzuzi Baku,1,na
Brandon Borrello,Brandon Borrello,1,na
Branimir Hrgota,Branimir Hrgota,1,na
Breel Donald Embolo,Breel Donald Embolo,1,na
Caiuby Francisco da Silva,Caiuby Francisco da Silva,1,na
Caleb James Stanko,Caleb James Stanko,1,na
Carlos Joel Salcedo Hernandez,Carlos Joel Salcedo Hernandez,1,na
Cedric Teuchert,Cedric Teuchert,1,na
Chadrac Akolo,Chadrac Akolo,1,na
Charles Mariano Aranguiz Sandoval,Charles Mariano Aranguiz Sandoval,1,na
Chima Sean Okoroji,Chima Sean Okoroji,1,na
Christian Fruechtl,Christian Fruechtl,1,na
Christian Gentner,Christian Gentner,1,na
Christian Guenter,Christian Guenter,1,na
Christian Mate Pulisic,Christian Mate Pulisic,1,na
Christian Mathenia,Christian Mathenia,1,na
Christoph Janker,Christoph Janker,1,na
Christoph Kramer,Christoph Kramer,1,na
Claudio Miguel Pizarro Bosio,Claudio Miguel Pizarro Bosio,1,na
Constantin Frommann,Constantin Frommann,1,na
Corentin Tolisso,Corentin Tolisso,1,na
Dan Axel Zagadou,Dan Axel Zagadou,1,na
Daniel Baier,Daniel Baier,1,na
Daniel Brosinski,Daniel Brosinski,1,na
Daniel Caligiuri,Daniel Caligiuri,1,na
Daniel Didavi,Daniel Didavi,1,na
Daniel Ginczek,Daniel Ginczek,1,na
Danny Latza,Danny Latza,1,na
Danny Vieira da Costa,Danny Vieira da Costa,1,na
David Angel Abraham,David Angel Abraham,1,na
David Kopacz,David Kopacz,1,na
David Olatukunbo Alaba,David Olatukunbo Alaba,1,na
David Otto,David Otto,1,na
Davie Selke,Davie Selke,1,na
Davor Lovren,Davor Lovren,1,na
Davy Klaassen,Davy Klaassen,1,na
Dayotchanculle Oswald Upamecano,Dayotchanculle Oswald Upamecano,1,na
Deji Ousman Beyreuther,Deji Ousman Beyreuther,1,na
Denis Lemi Zakaria Lako Lado,Denis Lemi Zakaria Lako Lado,1,na
Dennis Aogo,Dennis Aogo,1,na
Dennis Geiger,Dennis Geiger,1,na
Dennis Jastrzembski,Dennis Jastrzembski,1,na
Dennis Lippert,Dennis Lippert,1,na
Dennis Smarsch,Dennis Smarsch,1,na
Derrick Luckassen,Derrick Luckassen,1,na
Diego Armando Valentin Contento,Diego Armando Valentin Contento,1,na
Diego Demme,Diego Demme,1,na
Dodi Lukebakio Ngandoli,Dodi Lukebakio Ngandoli,1,na
Dominik Kohr,Dominik Kohr,1,na
Dominique Heintz,Dominique Heintz,1,na
Dongwon Ji,Dongwon Ji,1,na
Dzenis Burnic,Dzenis Burnic,1,na
Edgar Nicaise Constant Salli,Edgar Nicaise Constant Salli,1,na
Edgar Prib,Edgar Prib,1,na
Eduard Loewen,Eduard Loewen,1,na
Elvis Rexhbecaj,Elvis Rexhbecaj,1,na
Emil Berggreen,Emil Berggreen,1,na
Emil Peter Forsberg,Emil Peter Forsberg,1,na
Emiliano Adrian Insua Zapata,Emiliano Adrian Insua Zapata,1,na
Emir Kujovic,Emir Kujovic,1,na
Emre Mert Aslan,Emre Mert Aslan,1,na
Enrico Valentini,Enrico Valentini,1,na
Eric Oelschlaegel,Eric Oelschlaegel,1,na
Erik Thommy,Erik Thommy,1,na
Ermin Bicakcic,Ermin Bicakcic,1,na
Ewerton Jose Almeida Santos,Ewerton Jose Almeida Santos,1,na
Fabian Bredlow,Fabian Bredlow,1,na
Fabian Giefer,Fabian Giefer,1,na
Fabian Johnson,Fabian Johnson,1,na
Fabian Lustenberger,Fabian Lustenberger,1,na
Federico Palacios Martinez,Federico Palacios Martinez,1,na
Felipe Augusto Rodrigues Pires,Felipe Augusto Rodrigues Pires,1,na
Felipe Trevizan Martins,Felipe Trevizan Martins,1,na
Felix Goetze,Felix Goetze,1,na
Felix Klaus,Felix Klaus,1,na
Felix Olof Allan Nelson Beijmo,Felix Olof Allan Nelson Beijmo,1,na
Felix Schwarzholz,Felix Schwarzholz,1,na
Felix Wiedwald,Felix Wiedwald,1,na
Filip Kostic,Filip Kostic,1,na
Fin Bartels,Fin Bartels,1,na
Finn Gilbert Dahmen,Finn Gilbert Dahmen,1,na
Florent Muslija,Florent Muslija,1,na
Florian Baak,Florian Baak,1,na
Florian Grillitsch,Florian Grillitsch,1,na
Florian Kainz,Florian Kainz,1,na
Florian Kath,Florian Kath,1,na
Florian Mayer,Florian Mayer,1,na
Florian Mueller,Florian Mueller,1,na
Florian Neuhaus,Florian Neuhaus,1,na
Florian Niederlechner,Florian Niederlechner,1,na
Francisco Alcacer Garcia,Francisco Alcacer Garcia,1,na
Francisco Oliveira Geraldes,Francisco Oliveira Geraldes,1,na
Franck Henry Pierre Ribery,Franck Henry Pierre Ribery,1,na
Franco Matias Di Santo,Franco Matias Di Santo,1,na
Frederik Riis Roennow,Frederik Riis Roennow,1,na
Fredrik Jensen,Fredrik Jensen,1,na
Gaetan Bussmann,Gaetan Bussmann,1,na
Gelson da Conceicao Tavares Fernandes,Gelson da Conceicao Tavares Fernandes,1,na
Genki Haraguchi,Genki Haraguchi,1,na
Georg Margreitter,Georg Margreitter,1,na
Georg Teigl,Georg Teigl,1,na
Georgios Siadas,Georgios Siadas,1,na
Gerrit Holtmann,Gerrit Holtmann,1,na
Gian Luca Itter,Gian Luca Itter,1,na
Gian Luca Waldschmidt,Gian Luca Waldschmidt,1,na
Giulio Donati,Giulio Donati,1,na
Goekhan Guel,Goekhan Guel,1,na
Goncalo Mendes Paciencia,Goncalo Mendes Paciencia,1,na
Gonzalo Castro Montilla,Gonzalo Castro Montilla,1,na
Gregor Kobel,Gregor Kobel,1,na
Guido Burgstaller,Guido Burgstaller,1,na
Hamza Mendyl,Hamza Mendyl,1,na
Hanno Behrens,Hanno Behrens,1,na
Hans Carl Ludwig Augustinsson,Hans Carl Ludwig Augustinsson,1,na
Hans Nunoo Sarpei,Hans Nunoo Sarpei,1,na
Havard Nielsen Kallevik Nielsen,Havard Nielsen Kallevik Nielsen,1,na
Havard Nordtveit,Havard Nordtveit,1,na
Hendrik Weydandt,Hendrik Weydandt,1,na
Holger Badstuber,Holger Badstuber,1,na
Ibrahima Konate,Ibrahima Konate,1,na
Ibrahima Traore,Ibrahima Traore,1,na
Ignacio Camacho Barnola,Ignacio Camacho Barnola,1,na
Ihlas Bebou,Ihlas Bebou,1,na
Isaac Kiese Thelin,Isaac Kiese Thelin,1,na
Ishak Belfodil,Ishak Belfodil,1,na
Ismael Azzaoui,Ismael Azzaoui,1,na
Issah Abass,Issah Abass,1,na
Iver Fossum,Iver Fossum,1,na
Jacheol Koo,Jacheol Koo,1,na
Jacob Bruun Larsen,Jacob Bruun Larsen,1,na
Jadon Malik Sancho,Jadon Malik Sancho,1,na
Jakub Blaszczykowski,Jakub Blaszczykowski,1,na
Jakub Jacek Bednarczyk,Jakub Jacek Bednarczyk,1,na
James David Rodriguez Rubio,James David Rodriguez Rubio,1,na
Jan Ingwer Callsen Bracker,Jan Ingwer Callsen Bracker,1,na
Jan Moravek,Jan Moravek,1,na
Jan Niklas Beste,Jan Niklas Beste,1,na
Jan Zimmermann,Jan Zimmermann,1,na
Janik Haberer,Janik Haberer,1,na
Jannik Huth,Jannik Huth,1,na
Jaroslav Drobny,Jaroslav Drobny,1,na
Javairo Joreno Faustino Dilrosun,Javairo Joreno Faustino Dilrosun,1,na
Javier Martinez Aguinaga,Javier Martinez Aguinaga,1,na
Jean Kevin Augustin,Jean Kevin Augustin,1,na
Jean Manuel Mbom,Jean Manuel Mbom,1,na
Jean Patrice Tshilumba Kabuya,Jean Patrice Tshilumba Kabuya,1,na
Jean Paul Boetius,Jean Paul Boetius,1,na
Jean Philippe Gbamin,Jean Philippe Gbamin,1,na
Jean Philippe Mateta,Jean Philippe Mateta,1,na
Jean Zimmer,Jean Zimmer,1,na
Jeffrey Gouweleeuw,Jeffrey Gouweleeuw,1,na
Jeffrey Kevin van Homoet Bruma,Jeffrey Kevin van Homoet Bruma,1,na
Jens Grahl,Jens Grahl,1,na
Jeremy Toljan,Jeremy Toljan,1,na
Jerome Agyenim Boateng,Jerome Agyenim Boateng,1,na
Jerome Gondorf,Jerome Gondorf,1,na
Jerome Roussillon,Jerome Roussillon,1,na
Jetro Willems,Jetro Willems,1,na
Jiri Pavlenka,Jiri Pavlenka,1,na
Joel Pohjanpalo,Joel Pohjanpalo,1,na
Joelinton Cassio Apolinario de Lira,Joelinton Cassio Apolinario de Lira,1,na
Johannes Eggestein,Johannes Eggestein,1,na
Johannes Geis,Johannes Geis,1,na
John Anthony Brooks,John Anthony Brooks,1,na
Jonas Hofmann,Jonas Hofmann,1,na
Jonathan Alexander de Guzman,Jonathan Alexander de Guzman,1,na
Jonathan Glao Tah,Jonathan Glao Tah,1,na
Jonathan Klinsmann,Jonathan Klinsmann,1,na
Jonathan Michael Burkardt,Jonathan Michael Burkardt,1,na
Jonathan Schmid,Jonathan Schmid,1,na
Jordan Torunarigha,Jordan Torunarigha,1,na
Joshua Benjamin Brenet,Joshua Benjamin Brenet,1,na
Joshua Thomas Sargent,Joshua Thomas Sargent,1,na
Joshua Walter Kimmich,Joshua Walter Kimmich,1,na
Josip Brekalo,Josip Brekalo,1,na
Josip Drmic,Josip Drmic,1,na
Josip Elez,Josip Elez,1,na
Josuha Guilavogui,Josuha Guilavogui,1,na
Jozo Stanic,Jozo Stanic,1,na
Julian Baumgartlinger,Julian Baumgartlinger,1,na
Julian Brandt,Julian Brandt,1,na
Julian Korb,Julian Korb,1,na
Julian Krahl,Julian Krahl,1,na
Julian Schieber,Julian Schieber,1,na
Julian Weigl,Julian Weigl,1,na
Julio Cesar Villalba Gaona,Julio Cesar Villalba Gaona,1,na
Julius Kade,Julius Kade,1,na
Justin Hoogma,Justin Hoogma,1,na
Kaan Ayhan,Kaan Ayhan,1,na
Kai Havertz,Kai Havertz,1,na
Karim Bellarabi,Karim Bellarabi,1,na
Karim Onisiwo,Karim Onisiwo,1,na
Karim Rekik,Karim Rekik,1,na
Kasim Adams Nuhu,Kasim Adams Nuhu,1,na
Keanan Bennetts,Keanan Bennetts,1,na
Kenan Karaman,Kenan Karaman,1,na
Kerem Demirbay,Kerem Demirbay,1,na
Keven Schlotterbeck,Keven Schlotterbeck,1,na
Kevin Akpoguma,Kevin Akpoguma,1,na
Kevin Danso,Kevin Danso,1,na
Kevin Goden,Kevin Goden,1,na
Kevin Kampl,Kevin Kampl,1,na
Kevin Moehwald,Kevin Moehwald,1,na
Kevin Stoeger,Kevin Stoeger,1,na
Kevin Trapp,Kevin Trapp,1,na
Kevin Vogt,Kevin Vogt,1,na
Kevin Volland,Kevin Volland,1,na
Kevin Wimmer,Kevin Wimmer,1,na
Kianz Gonzalez Froese,Kianz Gonzalez Froese,1,na
Kilian Jakob,Kilian Jakob,1,na
Kingsley Junior Coman,Kingsley Junior Coman,1,na
Koen Casteels,Koen Casteels,1,na
Konrad Laimer,Konrad Laimer,1,na
Konstantinos Stafylidis,Konstantinos Stafylidis,1,na
Lars Bender,Lars Bender,1,na
Lars Edi Stindl,Lars Edi Stindl,1,na
Lazlo Benes,Lazlo Benes,1,na
Leandro Barreiro Martins,Leandro Barreiro Martins,1,na
Leo Weinkauf,Leo Weinkauf,1,na
Leon Bailey Butler,Leon Bailey Butler,1,na
Leon Goretzka,Leon Goretzka,1,na
Leonardo Bittencourt,Leonardo Bittencourt,1,na
Levin Mete Oeztunali,Levin Mete Oeztunali,1,na
Linton Maina,Linton Maina,1,na
Louis Jordan Beyer,Louis Jordan Beyer,1,na
Luca Bastian Plogmann,Luca Bastian Plogmann,1,na
Luca Caldirola,Luca Caldirola,1,na
Lucas Hoeler,Lucas Hoeler,1,na
Lucas Marset Torro,Lucas Marset Torro,1,na
Lucas Nicolas Alario,Lucas Nicolas Alario,1,na
Luka Jovic,Luka Jovic,1,na
Lukas Hradecky,Lukas Hradecky,1,na
Lukas Jaeger,Lukas Jaeger,1,na
Lukas Klostermann,Lukas Klostermann,1,na
Lukas Kluenter,Lukas Kluenter,1,na
Lukas Kuebler,Lukas Kuebler,1,na
Lukas Muehl,Lukas Muehl,1,na
Lukas Rupp,Lukas Rupp,1,na
Lukasz Piszczek,Lukasz Piszczek,1,na
Mahmoud Dahoud,Mahmoud Dahoud,1,na
Makoto Hasebe,Makoto Hasebe,1,na
Mamadou Doucoure,Mamadou Doucoure,1,na
Manuel Gulde,Manuel Gulde,1,na
Manuel Obafemi Akanji,Manuel Obafemi Akanji,1,na
Manuel Peter Neuer,Manuel Peter Neuer,1,na
Marc Oliver Kempf,Marc Oliver Kempf,1,na
Marc Stendera,Marc Stendera,1,na
Marcel Halstenberg,Marcel Halstenberg,1,na
Marcel Sabitzer,Marcel Sabitzer,1,na
Marcel Schmelzer,Marcel Schmelzer,1,na
Marcel Sobottka,Marcel Sobottka,1,na
Marcel Tisserand,Marcel Tisserand,1,na
Marcelo Josemir Saracchi Pintos,Marcelo Josemir Saracchi Pintos,1,na
Marcin Kaminski,Marcin Kaminski,1,na
Marcio Rafael Ferreira de Souza,Marcio Rafael Ferreira de Souza,1,na
Marco Friedl,Marco Friedl,1,na
Marco Jhonfai Fabian de la Mora,Marco Jhonfai Fabian de la Mora,1,na
Marco Reus,Marco Reus,1,na
Marco Richter,Marco Richter,1,na
Marco Russ,Marco Russ,1,na
Marco Terrazzino,Marco Terrazzino,1,na
Mario Goetze,Mario Goetze,1,na
Mario Gomez Garcia,Mario Gomez Garcia,1,na
Marius Gersbeck,Marius Gersbeck,1,na
Marius Mueller,Marius Mueller,1,na
Marius Wolf,Marius Wolf,1,na
Mark Alexander Uth,Mark Alexander Uth,1,na
Mark Flekken,Mark Flekken,1,na
Marko Grujic,Marko Grujic,1,na
Martin Harnik,Martin Harnik,1,na
Martin Hinteregger,Martin Hinteregger,1,na
Marvin Bakalorz,Marvin Bakalorz,1,na
Marvin Ducksch,Marvin Ducksch,1,na
Marvin Plattenhardt,Marvin Plattenhardt,1,na
Marvin Stefaniak,Marvin Stefaniak,1,na
Marwin Hitz,Marwin Hitz,1,na
Matheus Fellipe Costa Pereira,Matheus Fellipe Costa Pereira,1,na
Matheus Santos Carneiro Da Cunha,Matheus Santos Carneiro Da Cunha,1,na
Mathew Allan Leckie,Mathew Allan Leckie,1,na
Matija Nastasic,Matija Nastasic,1,na
Mats Julian Hummels,Mats Julian Hummels,1,na
Matthias Ginter,Matthias Ginter,1,na
Matthias Ostrzolek,Matthias Ostrzolek,1,na
Matthias Zimmermann,Matthias Zimmermann,1,na
Maurice Covic,Maurice Covic,1,na
Max Bennet Kruse,Max Bennet Kruse,1,na
Maximilian Arnold,Maximilian Arnold,1,na
Maximilian Eggestein,Maximilian Eggestein,1,na
Maximilian Mittelstaedt,Maximilian Mittelstaedt,1,na
Maximilian Philipp,Maximilian Philipp,1,na
Michael Cuisance,Michael Cuisance,1,na
Michael Esser,Michael Esser,1,na
Michael Gregoritsch,Michael Gregoritsch,1,na
Michael Lang,Michael Lang,1,na
Michael Langer,Michael Langer,1,na
Michael Rensing,Michael Rensing,1,na
Michael Zetterer,Michael Zetterer,1,na
Miiko Martin Albornoz Inola,Miiko Martin Albornoz Inola,1,na
Mijat Gacinovic,Mijat Gacinovic,1,na
Mikael Ishak,Mikael Ishak,1,na
Mike Frantz,Mike Frantz,1,na
Milos Veljkovic,Milos Veljkovic,1,na
Milot Rashica,Milot Rashica,1,na
Mischa Haeuser,Mischa Haeuser,1,na
Mitchell Elijah Weiser,Mitchell Elijah Weiser,1,na
Moritz Nicolas,Moritz Nicolas,1,na
Moussa Niakhate,Moussa Niakhate,1,na
Muhammed Enes Kiprit,Muhammed Enes Kiprit,1,na
Nabil Bentaleb,Nabil Bentaleb,1,na
Nadiem Amiri,Nadiem Amiri,1,na
Nelson Mandela Mbouhom,Nelson Mandela Mbouhom,1,na
Niclas Fuellkrug,Niclas Fuellkrug,1,na
Nico Elvedi,Nico Elvedi,1,na
Nico Schulz,Nico Schulz,1,na
Nicolai Mueller,Nicolai Mueller,1,na
Nicolas Hoefler,Nicolas Hoefler,1,na
Nicolas Ivan Gonzalez,Nicolas Ivan Gonzalez,1,na
Niklas Kristian Moisander,Niklas Kristian Moisander,1,na
Niklas Stark,Niklas Stark,1,na
Niklas Suele,Niklas Suele,1,na
Niko Bungert,Niko Bungert,1,na
Niko Giesselmann,Niko Giesselmann,1,na
Nils Petersen,Nils Petersen,1,na
Noah Joel Sarenren Bazee,Noah Joel Sarenren Bazee,1,na
Noah Sarenren Bazee,Noah Sarenren Bazee,1,na
Noel Knothe,Noel Knothe,1,na
Nordi Mukiele Mulere,Nordi Mukiele Mulere,1,na
Nuri Kazim Sahin,Nuri Kazim Sahin,1,na
Obite Evan N Dicka,Obite Evan N Dicka,1,na
Oemer Toprak,Oemer Toprak,1,na
Ohis Felix Uduokhai,Ohis Felix Uduokhai,1,na
Ole Kaeuper,Ole Kaeuper,1,na
Oliver Baumann,Oliver Baumann,1,na
Oliver Fink,Oliver Fink,1,na
Oliver Sorg,Oliver Sorg,1,na
Omar Mascarell Gonzalez,Omar Mascarell Gonzalez,1,na
Ondrej Duda,Ondrej Duda,1,na
Ondrej Petrak,Ondrej Petrak,1,na
Oscar Wendt,Oscar Wendt,1,na
Pablo Carmine Maffeo Becerra,Pablo Carmine Maffeo Becerra,1,na
Pal Dardai,Pal Dardai,1,na
Panagiotis Retsos,Panagiotis Retsos,1,na
Pascal Koepke,Pascal Koepke,1,na
Pascal Stenzel,Pascal Stenzel,1,na
Patric Klandt,Patric Klandt,1,na
Patrick Erras,Patrick Erras,1,na
Patrick Herrmann,Patrick Herrmann,1,na
Patrick Kammerbauer,Patrick Kammerbauer,1,na
Paul Georges Ntep de Madiba,Paul Georges Ntep de Madiba,1,na
Paul Seguin,Paul Seguin,1,na
Paul Verhaegh,Paul Verhaegh,1,na
Paulo Henrique Sampaio Filho,Paulo Henrique Sampaio Filho,1,na
Pavao Pervan,Pavao Pervan,1,na
Pavel Kaderabek,Pavel Kaderabek,1,na
Per Ciljan Skjelbred,Per Ciljan Skjelbred,1,na
Peter Gulacsi,Peter Gulacsi,1,na
Peter Pekarik,Peter Pekarik,1,na
Philipp Bargfrede,Philipp Bargfrede,1,na
Philipp Lienhart,Philipp Lienhart,1,na
Philipp Max,Philipp Max,1,na
Philipp Tschauner,Philipp Tschauner,1,na
Phillip Menzel,Phillip Menzel,1,na
Phillipp Mwene,Phillipp Mwene,1,na
Pierre Kunde Malong,Pierre Kunde Malong,1,na
Pirmin Schwegler,Pirmin Schwegler,1,na
Raffael Caetano de Araujo,Raffael Caetano de Araujo,1,na
Ralf Faehrmann,Ralf Faehrmann,1,na
Ramazan Oezcan,Ramazan Oezcan,1,na
Rani Khedira,Rani Khedira,1,na
Raphael Adelino Jose Guerreiro,Raphael Adelino Jose Guerreiro,1,na
Raphael Framberger,Raphael Framberger,1,na
Raphael Wolf,Raphael Wolf,1,na
Reiss Nelson,Reiss Nelson,1,na
Renato Junior Luz Sanches,Renato Junior Luz Sanches,1,na
Renato Steffen,Renato Steffen,1,na
Rene Adler,Rene Adler,1,na
Robert Bauer,Robert Bauer,1,na
Robert Lewandowski,Robert Lewandowski,1,na
Robin Bormuth,Robin Bormuth,1,na
Robin Hack,Robin Hack,1,na
Robin Knoche,Robin Knoche,1,na
Robin Koch,Robin Koch,1,na
Robin Kwamina Quaison,Robin Kwamina Quaison,1,na
Robin Zentner,Robin Zentner,1,na
Roland Sallai,Roland Sallai,1,na
Roman Buerki,Roman Buerki,1,na
Romario Roesch,Romario Roesch,1,na
Ron Robert Zieler,Ron Robert Zieler,1,na
Ronaldo Aparecido Rodrigues,Ronaldo Aparecido Rodrigues,1,na
Rouwen Hennings,Rouwen Hennings,1,na
Rune Almenning Jarstein,Rune Almenning Jarstein,1,na
Sahverdi Cetin,Sahverdi Cetin,1,na
Salif Sane,Salif Sane,1,na
Salomon Armand Magloire Kalou,Salomon Armand Magloire Kalou,1,na
Sam Francis Schreck,Sam Francis Schreck,1,na
Sandro Wagner,Sandro Wagner,1,na
Santiago Ascasibar,Santiago Ascasibar,1,na
Santiago Lionel Ascacibar,Santiago Lionel Ascacibar,1,na
Sascha Riether,Sascha Riether,1,na
Sebastian Kerk,Sebastian Kerk,1,na
Sebastian Langkamp,Sebastian Langkamp,1,na
Sebastian Rode,Sebastian Rode,1,na
Sebastian Rudy,Sebastian Rudy,1,na
Sebastien Haller,Sebastien Haller,1,na
Serge David Gnabry,Serge David Gnabry,1,na
Sergio Duvan Cordova Lezama,Sergio Duvan Cordova Lezama,1,na
Sergio Gomez Martin,Sergio Gomez Martin,1,na
Shinji Kagawa,Shinji Kagawa,1,na
Sidney Friede,Sidney Friede,1,na
Simon Asta,Simon Asta,1,na
Simon Falette,Simon Falette,1,na
Sinan Kurt,Sinan Kurt,1,na
Stefan Bell,Stefan Bell,1,na
Stefan Ilsanker,Stefan Ilsanker,1,na
Stefan Posch,Stefan Posch,1,na
Stefanos Kapino,Stefanos Kapino,1,na
Steven Skrzybski,Steven Skrzybski,1,na
Steven Zuber,Steven Zuber,1,na
Suat Serdar,Suat Serdar,1,na
Sven Bender,Sven Bender,1,na
Sven Ulreich,Sven Ulreich,1,na
Takashi Usami,Takashi Usami,1,na
Takuma Asano,Takuma Asano,1,na
Taleb Tawatha,Taleb Tawatha,1,na
Taylan Duman,Taylan Duman,1,na
Thanos Petsos,Thanos Petsos,1,na
Theodor Gebre Selassie,Theodor Gebre Selassie,1,na
Thiago Alcantara do Nascimento,Thiago Alcantara do Nascimento,1,na
Thomas Delaney,Thomas Delaney,1,na
Thomas Kraft,Thomas Kraft,1,na
Thomas Mueller,Thomas Mueller,1,na
Thore Andreas Jacobsen,Thore Andreas Jacobsen,1,na
Thorgan Ganael Francis Hazard,Thorgan Ganael Francis Hazard,1,na
Thorsten Kirschbaum,Thorsten Kirschbaum,1,na
Tim Kleindienst,Tim Kleindienst,1,na
Tim Leibold,Tim Leibold,1,na
Tim Wiesner,Tim Wiesner,1,na
Timo Baumgartl,Timo Baumgartl,1,na
Timo Bernd Huebers,Timo Bernd Huebers,1,na
Timo Werner,Timo Werner,1,na
Timothy Chandler,Timothy Chandler,1,na
Timothy Tillman,Timothy Tillman,1,na
Tin Jedvaj,Tin Jedvaj,1,na
Tobias Sippel,Tobias Sippel,1,na
Tobias Stirl,Tobias Stirl,1,na
Tobias Strobl,Tobias Strobl,1,na
Toerles Tim Knoell,Toerles Tim Knoell,1,na
Tomasz Kucz,Tomasz Kucz,1,na
Tony Jantschke,Tony Jantschke,1,na
Torben Muesel,Torben Muesel,1,na
Valentino Lazaro,Valentino Lazaro,1,na
Vedad Ibisevic,Vedad Ibisevic,1,na
Vilmos Tamas Orban,Vilmos Tamas Orban,1,na
Vincenzo Grifo,Vincenzo Grifo,1,na
Virgil Misidjan,Virgil Misidjan,1,na
Vladimir Darida,Vladimir Darida,1,na
Walace Souza Silva,Walace Souza Silva,1,na
Waldemar Anton,Waldemar Anton,1,na
Wendell Nascimento Borges,Wendell Nascimento Borges,1,na
Weston James Earl McKennie,Weston James Earl McKennie,1,na
William de Asevedo Furtado,William de Asevedo Furtado,1,na
Wout Weghorst,Wout Weghorst,1,na
Yann Sommer,Yann Sommer,1,na
Yannick Gerhardt,Yannick Gerhardt,1,na
Yevhen Konoplyanka,Yevhen Konoplyanka,1,na
Yoric Ravet,Yoric Ravet,1,na
Yunus Malli,Yunus Malli,1,na
Yussuf Yurary Poulsen,Yussuf Yurary Poulsen,1,na
Yuya Kubo,Yuya Kubo,1,na
Yuya Osako,Yuya Osako,1,na
Yvon Landry Mvogo Nganoma,Yvon Landry Mvogo Nganoma,1,na
1 CfR Pforzheim Jugend,1 CfR Pforzheim Jugend,2,3
1 FC Germania Egestorf Langreder,1 FC Germania Egestorf Langreder,2,4
1 FC Heidenheim 1846,1 FC Heidenheim 1846,2,4
1 FC Herzogenaurach Jugend,1 FC Herzogenaurach Jugend,2,3
1 FC Kaiserslautern,1 FC Kaiserslautern,2,4
1 FC Kaiserslautern II,1 FC Kaiserslautern II,2,4
1 FC Kaiserslautern Jugend,1 FC Kaiserslautern Jugend,2,3
1 FC Koeln,1 FC Koeln,2,4
1 FC Koeln II,1 FC Koeln II,2,4
1 FC Koeln Jugend,1 FC Koeln Jugend,2,3
1 FC Lichtenfels Jugend,1 FC Lichtenfels Jugend,2,3
1 FC Lok Stendal Jugend,1 FC Lok Stendal Jugend,2,3
1 FC Magdeburg Jugend,1 FC Magdeburg Jugend,2,3
1 FC Nuernberg,1 FC Nuernberg,2,6
1 FC Nuernberg II,1 FC Nuernberg II,2,4
1 FC Nuernberg Jugend,1 FC Nuernberg Jugend,2,3
1 FC Oberahr Jugend,1 FC Oberahr Jugend,2,3
1 FC Saarbruecken,1 FC Saarbruecken,2,4
1 FC Saarbruecken II,1 FC Saarbruecken II,2,4
1 FC Saarbruecken Jugend,1 FC Saarbruecken Jugend,2,3
1 FC Schwandorf,1 FC Schwandorf,2,4
1 FC Union Berlin,1 FC Union Berlin,2,4
1 FC Union Berlin Jugend,1 FC Union Berlin Jugend,2,3
1 FC Wilmersdorf Jugend,1 FC Wilmersdorf Jugend,2,3
1 FSV Mainz 05,1 FSV Mainz 05,2,6
1 FSV Mainz 05 II,1 FSV Mainz 05 II,2,4
1 FSV Mainz 05 Jugend,1 FSV Mainz 05 Jugend,2,3
1 Halleiner SK Jugend,1 Halleiner SK Jugend,2,3
Aarhus GF,Aarhus GF,2,4
ABC Branik Jugend,ABC Branik Jugend,2,3
AC Bellinzona Jugend,AC Bellinzona Jugend,2,3
AC de Boulogne Billancourt Jugend,AC de Boulogne Billancourt Jugend,2,3
AC Florenz,AC Florenz,2,4
AC Horsens,AC Horsens,2,4
AC Sparta Prag,AC Sparta Prag,2,4
AC Sparta Prag Jugend,AC Sparta Prag Jugend,2,3
Academia Deportiva Cantolao Jugend,Academia Deportiva Cantolao Jugend,2,3
Academia Tolimense de Futbol,Academia Tolimense de Futbol,2,4
Academie Mohammed VI de football,Academie Mohammed VI de football,2,4
Adelaide United,Adelaide United,2,4
Admira Villach Jugend,Admira Villach Jugend,2,3
AFC Saarbruecken Jugend,AFC Saarbruecken Jugend,2,3
AFC Sunderland,AFC Sunderland,2,4
AFC Tubize Jugend,AFC Tubize Jugend,2,3
Aguias da Musgueira Jugend,Aguias da Musgueira Jugend,2,3
AIK Solna,AIK Solna,2,4
AIK Solna Jugend,AIK Solna Jugend,2,3
Aire sur la Lys Jugend,Aire sur la Lys Jugend,2,3
AJ Auxerre,AJ Auxerre,2,4
AJ Auxerre B,AJ Auxerre B,2,4
AJ Auxerre Jugend,AJ Auxerre Jugend,2,3
Ajax Amsterdam,Ajax Amsterdam,2,4
Ajax Amsterdam II,Ajax Amsterdam II,2,4
Ajax Amsterdam Jugend,Ajax Amsterdam Jugend,2,3
AJS Wazemmes Jugend,AJS Wazemmes Jugend,2,3
AKA Admira Wacker Moedling Jugend,AKA Admira Wacker Moedling Jugend,2,3
AKA Austria Wien Jugend,AKA Austria Wien Jugend,2,3
AKA Grazer AK Jugend,AKA Grazer AK Jugend,2,3
AKA Red Bull Salzburg Jugend,AKA Red Bull Salzburg Jugend,2,3
AKA St Poelten Jugend,AKA St Poelten Jugend,2,3
AKA Steiermark Sturm Graz Jugend,AKA Steiermark Sturm Graz Jugend,2,3
AKA SV Ried Jugend,AKA SV Ried Jugend,2,3
AKA Tirol Jugend,AKA Tirol Jugend,2,3
AKA Vorarlberg Jugend,AKA Vorarlberg Jugend,2,3
AKA Wolfsberger AC Jugend,AKA Wolfsberger AC Jugend,2,3
Alcobendas CF Jugend,Alcobendas CF Jugend,2,3
Alemannia Aachen,Alemannia Aachen,2,4
Alemannia Aachen Jugend,Alemannia Aachen Jugend,2,3
Alianza Lima,Alianza Lima,2,4
Almere City FC Jugend,Almere City FC Jugend,2,3
Altona 93 Jugend,Altona 93 Jugend,2,3
Alvorada Futebol Clube,Alvorada Futebol Clube,2,4
Angouleme Charente FC Jugend,Angouleme Charente FC Jugend,2,3
Anzhi Makhachkala,Anzhi Makhachkala,2,4
APOEL Nikosia,APOEL Nikosia,2,4
Apollon Limassol,Apollon Limassol,2,4
Argenteuil C O Jugend,Argenteuil C O Jugend,2,3
Arminia Bielefeld,Arminia Bielefeld,2,4
Arminia Bielefeld Jugend,Arminia Bielefeld Jugend,2,3
AS Angouleme Charente 92 Jugend,AS Angouleme Charente 92 Jugend,2,3
AS Monaco,AS Monaco,2,4
AS Monaco B,AS Monaco B,2,4
AS Nancy Lorraine,AS Nancy Lorraine,2,4
AS Nancy Lorraine Jugend,AS Nancy Lorraine Jugend,2,3
AS Rom,AS Rom,2,4
AS Saint Etienne,AS Saint Etienne,2,4
AS St Etienne,AS St Etienne,2,4
AS St Etienne B,AS St Etienne B,2,4
AS St Etienne Jugend,AS St Etienne Jugend,2,3
AS Trencin Jugend,AS Trencin Jugend,2,3
Asante Kotoko SC,Asante Kotoko SC,2,4
ASC Waterwijk Jugend,ASC Waterwijk Jugend,2,3
ASD Romagna Centro Cesena,ASD Romagna Centro Cesena,2,4
ASDC Base 96 Seveso Jugend,ASDC Base 96 Seveso Jugend,2,3
ASEC Mimosas,ASEC Mimosas,2,4
ASKOE Gmuend Jugend,ASKOE Gmuend Jugend,2,3
Asociacion Atletica Argentinos Juniors Jugend,Asociacion Atletica Argentinos Juniors Jugend,2,3
Assyriska FF,Assyriska FF,2,4
ASV Cham Jugend,ASV Cham Jugend,2,3
ASV Durlach,ASV Durlach,2,4
ASV Herzogenaurach Jugend,ASV Herzogenaurach Jugend,2,3
Athletic Bilbao,Athletic Bilbao,2,4
Atletico Madrid,Atletico Madrid,2,4
Atletico Madrid B,Atletico Madrid B,2,4
Atletico Madrid Jugend,Atletico Madrid Jugend,2,3
Audax Italiano,Audax Italiano,2,4
Audax Italiano Jugend,Audax Italiano Jugend,2,3
Avai FC Jugend,Avai FC Jugend,2,3
AVV Zeeburgia Jugend,AVV Zeeburgia Jugend,2,3
AZ Alkmaar,AZ Alkmaar,2,4
AZ Alkmaar Jugend,AZ Alkmaar Jugend,2,3
Baniyas SC,Baniyas SC,2,4
Bayer 04 Leverkusen,Bayer 04 Leverkusen,2,6
Bayer 04 Leverkusen II,Bayer 04 Leverkusen II,2,4
Bayer 04 Leverkusen Jugend,Bayer 04 Leverkusen Jugend,2,3
Bayer Leverkusen 04,Bayer Leverkusen 04,2,4
Benfica Lissabon,Benfica Lissabon,2,4
Benfica Lissabon B,Benfica Lissabon B,2,4
Benfica Lissabon Jugend,Benfica Lissabon Jugend,2,3
Besiktas Istanbul,Besiktas Istanbul,2,4
Besiktas Istanbul II,Besiktas Istanbul II,2,4
Besiktas Istanbul Jugend,Besiktas Istanbul Jugend,2,3
BFC Siofok Jugend,BFC Siofok Jugend,2,3
Blanc Mesnil SF Jugend,Blanc Mesnil SF Jugend,2,3
Blau Weiss Hand Jugend,Blau Weiss Hand Jugend,2,3
Blumenthaler SV Jugend,Blumenthaler SV Jugend,2,3
Boldklubben Skjold Jugend,Boldklubben Skjold Jugend,2,3
Bonner SC Jugend,Bonner SC Jugend,2,3
Borussia Dortmund,Borussia Dortmund,2,6
Borussia Dortmund II,Borussia Dortmund II,2,4
Borussia Dortmund Jugend,Borussia Dortmund Jugend,2,3
Borussia Moenchengladbach,Borussia Moenchengladbach,2,6
Borussia Moenchengladbach II,Borussia Moenchengladbach II,2,4
Borussia Moenchengladbach Jugend,Borussia Moenchengladbach Jugend,2,3
Borussia Neunkirchen,Borussia Neunkirchen,2,4
Borussia Neunkirchen Jugend,Borussia Neunkirchen Jugend,2,3
Boulogne Billencourt Jugend,Boulogne Billencourt Jugend,2,3
Breidablik Kopavogur,Breidablik Kopavogur,2,4
Breidablik Kopavogur Jugend,Breidablik Kopavogur Jugend,2,3
Breioablik UBK Jugend,Breioablik UBK Jugend,2,3
Bretigny Foot Jugend,Bretigny Foot Jugend,2,3
Brisbane Roar,Brisbane Roar,2,4
Broendby IF,Broendby IF,2,4
Broenshoej Boldklub,Broenshoej Boldklub,2,4
BSC Old Boys Jugend,BSC Old Boys Jugend,2,3
BSC Young Boys,BSC Young Boys,2,4
BSC Young Boys Jugend,BSC Young Boys Jugend,2,3
BSV Fortuna Dortmund 58 Jugend,BSV Fortuna Dortmund 58 Jugend,2,3
BSV Schwenningen Jugend,BSV Schwenningen Jugend,2,3
Bulacher SC Jugend,Bulacher SC Jugend,2,3
BV Graefrath Jugend,BV Graefrath Jugend,2,3
CA Osasuna,CA Osasuna,2,4
CA Osasuna B,CA Osasuna B,2,4
California Golden Bears UC Berkeley,California Golden Bears UC Berkeley,2,4
Caracas FC,Caracas FC,2,4
Caracas FC B,Caracas FC B,2,4
Caracas Jugend,Caracas Jugend,2,3
Cardiff City,Cardiff City,2,4
CD Alcoyano Jugend,CD Alcoyano Jugend,2,3
CD Colonia Ofigevi Jugend,CD Colonia Ofigevi Jugend,2,3
CD Cruz Azul,CD Cruz Azul,2,4
CD Leganes Juvenil A,CD Leganes Juvenil A,2,4
CD Monte Sion Torrent Jugend,CD Monte Sion Torrent Jugend,2,3
Cercle Melle Jugend,Cercle Melle Jugend,2,3
Cerezo Osaka,Cerezo Osaka,2,4
Chicago Fire Premier,Chicago Fire Premier,2,4
Clermont Foot Auvergne 63 Jugend,Clermont Foot Auvergne 63 Jugend,2,3
Club Atletico Banfield,Club Atletico Banfield,2,4
Club Atletico Banfield Jugend,Club Atletico Banfield Jugend,2,3
Club Atletico Boca Juniors,Club Atletico Boca Juniors,2,4
Club Atletico Colon,Club Atletico Colon,2,4
Club Atletico River Plate,Club Atletico River Plate,2,4
Club Cerro Porteno,Club Cerro Porteno,2,4
Club Estudiantes de La Plata,Club Estudiantes de La Plata,2,4
Club Universidad de Chile,Club Universidad de Chile,2,4
Clube Atletico Juventus,Clube Atletico Juventus,2,4
Coimbra Esporte Clube Ltda,Coimbra Esporte Clube Ltda,2,4
Concordia Hamburg Jugend,Concordia Hamburg Jugend,2,3
Corinthians Sao Paulo,Corinthians Sao Paulo,2,4
Coritiba FC,Coritiba FC,2,4
Coritiba FC Jugend,Coritiba FC Jugend,2,3
CS Bretigny Football Jugend,CS Bretigny Football Jugend,2,3
CS Mars 1905 Bischheim Jugend,CS Mars 1905 Bischheim Jugend,2,3
CS Sedan Ardennes Jugend,CS Sedan Ardennes Jugend,2,3
CS Vise Jugend,CS Vise Jugend,2,3
CSD Colo Colo,CSD Colo Colo,2,4
DAC Dunajska Streda Jugend,DAC Dunajska Streda Jugend,2,3
Danubio FC,Danubio FC,2,4
Danubio FC Jugend,Danubio FC Jugend,2,3
Delta Warszawa,Delta Warszawa,2,4
Deportes Cobreloa,Deportes Cobreloa,2,4
Deportivo Guadalajara,Deportivo Guadalajara,2,4
Deportivo Guadalajara Premier,Deportivo Guadalajara Premier,2,4
Deportivo Pesquero Chimbote,Deportivo Pesquero Chimbote,2,4
Deutsch Tschechische Fussballschule,Deutsch Tschechische Fussballschule,2,4
DJK Arminia Ueckendorf Jugend,DJK Arminia Ueckendorf Jugend,2,3
DJK Folsterhoehe Jugend,DJK Folsterhoehe Jugend,2,3
DJK SG Wasseralfingen Jugend,DJK SG Wasseralfingen Jugend,2,3
DJK TuS Hordel Jugend,DJK TuS Hordel Jugend,2,3
DJK VfL Billerbeck Jugend,DJK VfL Billerbeck Jugend,2,3
DJK Vilzing Jugend,DJK Vilzing Jugend,2,3
Djurgardens IF,Djurgardens IF,2,4
Dnipro Dnipropetrovsk,Dnipro Dnipropetrovsk,2,4
Dnipro Dnipropetrovsk II,Dnipro Dnipropetrovsk II,2,4
Dnipro Dnipropetrovsk Jugend,Dnipro Dnipropetrovsk Jugend,2,3
Draveil Jugend,Draveil Jugend,2,3
Dreams FC,Dreams FC,2,4
Duesseldorfer SC 99 Jugend,Duesseldorfer SC 99 Jugend,2,3
DVV Coburg Jugend,DVV Coburg Jugend,2,3
Dynamo Dresden,Dynamo Dresden,2,4
Dynamo Dresden Jugend,Dynamo Dresden Jugend,2,3
Dynamo Kiew,Dynamo Kiew,2,4
DYuSSh 2 Kirovohra,DYuSSh 2 Kirovohra,2,4
EC Bahia Jugend,EC Bahia Jugend,2,3
Einheit Wernigerode Jugend,Einheit Wernigerode Jugend,2,3
Einracht Frankfurt,Einracht Frankfurt,2,na
Eintrach Frankfurt,Eintrach Frankfurt,2,4
Eintracht Braunschweig,Eintracht Braunschweig,2,4
Eintracht Braunschweig II,Eintracht Braunschweig II,2,4
Eintracht Braunschweig Jugend,Eintracht Braunschweig Jugend,2,3
Eintracht Fankfurt Jugend,Eintracht Fankfurt Jugend,2,3
Eintracht Frankfurt,Eintracht Frankfurt,2,6
Eintracht Frankfurt II,Eintracht Frankfurt II,2,4
Eintracht Frankfurt Jugend,Eintracht Frankfurt Jugend,2,3
Eintracht Norderstedt Jugend,Eintracht Norderstedt Jugend,2,3
Elazigspor,Elazigspor,2,4
Entente Wasquehal Jugend,Entente Wasquehal Jugend,2,3
Envigado FC,Envigado FC,2,4
Envigado FC Jugend,Envigado FC Jugend,2,3
ES Wasquehal Jugend,ES Wasquehal Jugend,2,3
Esbjerg fB,Esbjerg fB,2,4
Espanyol Barcelona,Espanyol Barcelona,2,4
Espanyol Barcelona B,Espanyol Barcelona B,2,4
Espanyol Barcelona Jugend,Espanyol Barcelona Jugend,2,3
Espanyol Barcelona Juvenil A,Espanyol Barcelona Juvenil A,2,4
Esperance Paris Jugend,Esperance Paris Jugend,2,3
Esporte Clube Juventude,Esporte Clube Juventude,2,4
Estudiantes de La Plata,Estudiantes de La Plata,2,4
ETO FC Gyoer Jugend,ETO FC Gyoer Jugend,2,3
Evreux FC Jugend,Evreux FC Jugend,2,3
Excelsior Mouscron Jugend,Excelsior Mouscron Jugend,2,3
Favoritner AC Jugend,Favoritner AC Jugend,2,3
FC 72 Erpeldingen,FC 72 Erpeldingen,2,4
FC 72 Erpeldingen Jugend,FC 72 Erpeldingen Jugend,2,3
FC Admira Wacker Moedling,FC Admira Wacker Moedling,2,4
FC Admira Wacker Moedling II,FC Admira Wacker Moedling II,2,4
FC Alberschwende Jugend,FC Alberschwende Jugend,2,3
FC Alsbach Jugend,FC Alsbach Jugend,2,3
FC Arsenal,FC Arsenal,2,4
FC Arsenal Jugend,FC Arsenal Jugend,2,3
FC Augsburg,FC Augsburg,2,6
FC Augsburg II,FC Augsburg II,2,4
FC Augsburg Jugend,FC Augsburg Jugend,2,3
FC Baden Jugend,FC Baden Jugend,2,3
FC Banik Ostrau,FC Banik Ostrau,2,4
FC Banik Ostrau Jugend,FC Banik Ostrau Jugend,2,3
FC Barcelona,FC Barcelona,2,4
FC Barcelona B,FC Barcelona B,2,4
FC Barcelona Jugend,FC Barcelona Jugend,2,3
FC Basel 1893,FC Basel 1893,2,4
FC Basel 1893 Jugend,FC Basel 1893 Jugend,2,3
FC Bayern Muenchen,FC Bayern Muenchen,2,6
FC Bayern Muenchen II,FC Bayern Muenchen II,2,4
FC Bayern Muenchen Jugend,FC Bayern Muenchen Jugend,2,3
FC Bex,FC Bex,2,4
FC Bischofszell Jugend,FC Bischofszell Jugend,2,3
FC Blades 08 Jugend,FC Blades 08 Jugend,2,3
FC Bohemians Prag 1905,FC Bohemians Prag 1905,2,4
FC Bohemians Prag 1905 Jugend,FC Bohemians Prag 1905 Jugend,2,3
FC Bohemians Prag Jugend,FC Bohemians Prag Jugend,2,3
FC Bremerhaven Jugend,FC Bremerhaven Jugend,2,3
FC Brotdorf Jugend,FC Brotdorf Jugend,2,3
FC Bulleen Lions,FC Bulleen Lions,2,4
FC Burnley,FC Burnley,2,4
FC Carl Zeiss Jena,FC Carl Zeiss Jena,2,4
FC Carl Zeiss Jena II,FC Carl Zeiss Jena II,2,4
FC Carl Zeiss Jena Jugend,FC Carl Zeiss Jena Jugend,2,3
FC Chelsea,FC Chelsea,2,4
FC Chelsea Jugend,FC Chelsea Jugend,2,3
FC Chiasso,FC Chiasso,2,4
FC Conti de Boulogne sur Mer Jugend,FC Conti de Boulogne sur Mer Jugend,2,3
FC Dallas Juniors,FC Dallas Juniors,2,4
FC Den Bosch,FC Den Bosch,2,4
FC du Pays de l Arbresle Jugend,FC du Pays de l Arbresle Jugend,2,3
FC Edt Jugend,FC Edt Jugend,2,3
FC Emmen,FC Emmen,2,4
FC Energie Cottbus,FC Energie Cottbus,2,4
FC Energie Cottbus Jugend,FC Energie Cottbus Jugend,2,3
FC Erzgebirge Aue,FC Erzgebirge Aue,2,4
FC Everton,FC Everton,2,4
FC Falke Markt Schwaben,FC Falke Markt Schwaben,2,4
FC Fulham,FC Fulham,2,4
FC Genua 1893,FC Genua 1893,2,4
FC Getafe,FC Getafe,2,4
FC Girondins Bordeaux,FC Girondins Bordeaux,2,4
FC Girondins Bordeaux B,FC Girondins Bordeaux B,2,4
FC Goetzis Jugend,FC Goetzis Jugend,2,3
FC Groningen,FC Groningen,2,4
FC Groningen Jugend,FC Groningen Jugend,2,3
FC Grosswangen Jugend,FC Grosswangen Jugend,2,3
FC Hansa Rostock,FC Hansa Rostock,2,4
FC Hard,FC Hard,2,4
FC Heilbronn Jugend,FC Heilbronn Jugend,2,3
FC Hertha 03 Zehlendorf Jugend,FC Hertha 03 Zehlendorf Jugend,2,3
FC Hertha Muenchen Jugend,FC Hertha Muenchen Jugend,2,3
FC Hlucin Jugend,FC Hlucin Jugend,2,3
FC Ingolstadt,FC Ingolstadt,2,4
FC Ingolstadt 04,FC Ingolstadt 04,2,4
FC Ismaning,FC Ismaning,2,4
FC Juniors OO,FC Juniors OO,2,4
FC Kaernten,FC Kaernten,2,4
FC Kelme,FC Kelme,2,4
FC Kopenhagen,FC Kopenhagen,2,4
FC Kopenhagen Jugend,FC Kopenhagen Jugend,2,3
FC Kufstein Jugend,FC Kufstein Jugend,2,3
FC Lausanne Sport,FC Lausanne Sport,2,4
FC Levante Las Plana Jugend,FC Levante Las Plana Jugend,2,3
FC Liefering,FC Liefering,2,4
FC Liverpool,FC Liverpool,2,4
FC Liverpool Jugend,FC Liverpool Jugend,2,3
FC Lorient,FC Lorient,2,4
FC Lorient B,FC Lorient B,2,4
FC Lorient Jugend,FC Lorient Jugend,2,3
FC Lustenau,FC Lustenau,2,4
FC Luzern,FC Luzern,2,4
FC Luzern Jugend,FC Luzern Jugend,2,3
FC Malaga,FC Malaga,2,4
FC Memmingen,FC Memmingen,2,4
FC Memmingen Jugend,FC Memmingen Jugend,2,3
FC Metz,FC Metz,2,4
FC Metz B,FC Metz B,2,4
FC Metz Jugend,FC Metz Jugend,2,3
FC Midtjylland,FC Midtjylland,2,4
FC Midtjylland Jugend,FC Midtjylland Jugend,2,3
FC Miyagi Barcelona Jugend,FC Miyagi Barcelona Jugend,2,3
FC Muensingen Jugend,FC Muensingen Jugend,2,3
FC Nantes,FC Nantes,2,4
FC Nantes B,FC Nantes B,2,4
FC Nantes Jugend,FC Nantes Jugend,2,3
FC Noettingen,FC Noettingen,2,4
FC Nordsjaelland Jugend,FC Nordsjaelland Jugend,2,3
FC Nordstern BS Jugend,FC Nordstern BS Jugend,2,3
FC Oberneuland,FC Oberneuland,2,4
FC Oberneuland Jugend,FC Oberneuland Jugend,2,3
FC Paris Saint Germain,FC Paris Saint Germain,2,4
FC Paris Saint Germain B,FC Paris Saint Germain B,2,4
FC Paris Saint Germain Jugend,FC Paris Saint Germain Jugend,2,3
FC Porto,FC Porto,2,4
FC Porto B,FC Porto B,2,4
FC Porto Jugend,FC Porto Jugend,2,3
FC Prey Jugend,FC Prey Jugend,2,3
FC Purkersdorf Jugend,FC Purkersdorf Jugend,2,3
FC Reading Jugend,FC Reading Jugend,2,3
FC Sao Paulo,FC Sao Paulo,2,4
FC Schalke 04,FC Schalke 04,2,6
FC Schalke 04 II,FC Schalke 04 II,2,4
FC Schalke 04 Jugend,FC Schalke 04 Jugend,2,3
FC Schruns Jugend,FC Schruns Jugend,2,3
FC Sevilla,FC Sevilla,2,4
FC Singen 04 Jugend,FC Singen 04 Jugend,2,3
FC Sion,FC Sion,2,4
FC Sion Jugend,FC Sion Jugend,2,3
FC Slovan Liberec,FC Slovan Liberec,2,4
FC Sochaux Montbeliard,FC Sochaux Montbeliard,2,4
FC Sochaux Montbeliard B,FC Sochaux Montbeliard B,2,4
FC Sochaux Montbeliard Jugend,FC Sochaux Montbeliard Jugend,2,3
FC Solothurn,FC Solothurn,2,4
FC St Gallen 1879,FC St Gallen 1879,2,4
FC St Gallen 1879 Jugend,FC St Gallen 1879 Jugend,2,3
FC St Pauli,FC St Pauli,2,4
FC St Pauli Jugend,FC St Pauli Jugend,2,3
FC Stade Rennes,FC Stade Rennes,2,4
FC Stattegg Jugend,FC Stattegg Jugend,2,3
FC Strasburg Koenigshofen Jugend,FC Strasburg Koenigshofen Jugend,2,3
FC Thalhofen Jugend,FC Thalhofen Jugend,2,3
FC Thun,FC Thun,2,4
FC Twente Enschede,FC Twente Enschede,2,4
FC Twente Enschede Jugend,FC Twente Enschede Jugend,2,3
FC Uchtelfang Jugend,FC Uchtelfang Jugend,2,3
FC Utrecht,FC Utrecht,2,4
FC Vaduz,FC Vaduz,2,4
FC Valencia,FC Valencia,2,4
FC Valencia B,FC Valencia B,2,4
FC Valencia Jugend,FC Valencia Jugend,2,3
FC Valenciennes,FC Valenciennes,2,4
FC Valenciennes B,FC Valenciennes B,2,4
FC Valenciennes Jugend,FC Valenciennes Jugend,2,3
FC Velke Mezirici,FC Velke Mezirici,2,4
FC Velke Mezirici Jugend,FC Velke Mezirici Jugend,2,3
FC Viktoria Koeln Jugend,FC Viktoria Koeln Jugend,2,3
FC Viktoria Pilsen,FC Viktoria Pilsen,2,4
FC Viktoria Pilsen Jugend,FC Viktoria Pilsen Jugend,2,3
FC Villarreal,FC Villarreal,2,4
FC VSS Kosice,FC VSS Kosice,2,4
FC Vysocina Jihlava,FC Vysocina Jihlava,2,4
FC Vysocina Jihlava Jugend,FC Vysocina Jihlava Jugend,2,3
FC Wangen 05 Jugend,FC Wangen 05 Jugend,2,3
FC Watford,FC Watford,2,4
FC Watford Jugend,FC Watford Jugend,2,3
FC Weinfelden Buerglen Jugend,FC Weinfelden Buerglen Jugend,2,3
FC Winterthur,FC Winterthur,2,4
FC Winterthur Jugend,FC Winterthur Jugend,2,3
FC Zuerich,FC Zuerich,2,4
FC Zuerich Jugend,FC Zuerich Jugend,2,3
FCA Paris 19eme Jugend,FCA Paris 19eme Jugend,2,3
FCO Vigneux Jugend,FCO Vigneux Jugend,2,3
Feyenoord Rotterdam,Feyenoord Rotterdam,2,4
Feyenoord Rotterdam Jugend,Feyenoord Rotterdam Jugend,2,3
First Vienna FC,First Vienna FC,2,4
First Vienna FC II,First Vienna FC II,2,4
Fjoelnier Reykjavik,Fjoelnier Reykjavik,2,4
Fjoelnir Reykjavik Jugend,Fjoelnir Reykjavik Jugend,2,3
FK Austria Wien,FK Austria Wien,2,4
FK Austria Wien Jugend,FK Austria Wien Jugend,2,3
FK Banik Sokolov,FK Banik Sokolov,2,4
FK Dubnica,FK Dubnica,2,4
FK Haugesund Jugend,FK Haugesund Jugend,2,3
FK Jablonec,FK Jablonec,2,4
FK Partizan Belgrad,FK Partizan Belgrad,2,4
FK Radnicki 1923 Kragujevac,FK Radnicki 1923 Kragujevac,2,4
FK Viktoria Zizkov,FK Viktoria Zizkov,2,4
FK Vojvodina Novi Sad,FK Vojvodina Novi Sad,2,4
FK Vojvodina Novi Sad II,FK Vojvodina Novi Sad II,2,4
Flamengo Rio de Janeiro,Flamengo Rio de Janeiro,2,4
FO Plaisir Jugend,FO Plaisir Jugend,2,3
Fortuna Duesseldorf,Fortuna Duesseldorf,2,6
Fortuna Duesseldorf II,Fortuna Duesseldorf II,2,4
Fortuna Duesseldorf Jugend,Fortuna Duesseldorf Jugend,2,3
Fortuna Magdeburg Jugend,Fortuna Magdeburg Jugend,2,3
Fotbal Club Ardelal Cluj Napoca Jugend,Fotbal Club Ardelal Cluj Napoca Jugend,2,3
FSV Frankfurt,FSV Frankfurt,2,4
FSV Frankfurt Jugend,FSV Frankfurt Jugend,2,3
Fussballakademie Linz Jugend,Fussballakademie Linz Jugend,2,3
FV 09 Nuertingen Jugend,FV 09 Nuertingen Jugend,2,3
FV Bad Saulgau Jugend,FV Bad Saulgau Jugend,2,3
FV Kuhbach Jugend,FV Kuhbach Jugend,2,3
FV Lebach Jugend,FV Lebach Jugend,2,3
FV Ravensburg Jugend,FV Ravensburg Jugend,2,3
FV Tennenbronn Jugend,FV Tennenbronn Jugend,2,3
Galatasaray Istanbul,Galatasaray Istanbul,2,4
Gallia Uzes Jugend,Gallia Uzes Jugend,2,3
Gamba Osaka,Gamba Osaka,2,4
Gamba Osaka Jugend,Gamba Osaka Jugend,2,3
Garather SV Jugend,Garather SV Jugend,2,3
GC Zuerich Jugend,GC Zuerich Jugend,2,3
Germania Broetzingen Jugend,Germania Broetzingen Jugend,2,3
Germania Halberstadt Jugend,Germania Halberstadt Jugend,2,3
GIF Sundsvall,GIF Sundsvall,2,4
GNK Dinamo Zagreb,GNK Dinamo Zagreb,2,4
GNK Dinamo Zagreb II,GNK Dinamo Zagreb II,2,4
GNK Dinamo Zagreb Jugend,GNK Dinamo Zagreb Jugend,2,3
Gornik Konin Jugend,Gornik Konin Jugend,2,3
Gornik Zabrze Jugend,Gornik Zabrze Jugend,2,3
Grand Font FC Jugend,Grand Font FC Jugend,2,3
Grasshopper Club Zuerich,Grasshopper Club Zuerich,2,4
Grasshopper Club Zuerich Jugend,Grasshopper Club Zuerich Jugend,2,3
Grazer AK 1902 Jugend,Grazer AK 1902 Jugend,2,3
Gremio Londrinense Jugend,Gremio Londrinense Jugend,2,3
Gremio Porto Alegre,Gremio Porto Alegre,2,4
Gremio Porto Alegre Jugend,Gremio Porto Alegre Jugend,2,3
Grenoble Foot 38,Grenoble Foot 38,2,4
Guaratingueta Futebol Ltda,Guaratingueta Futebol Ltda,2,4
Gwarek Zabrze Jugend,Gwarek Zabrze Jugend,2,3
Hallescher FC,Hallescher FC,2,4
Halmstads BK,Halmstads BK,2,4
Hamburger SV,Hamburger SV,2,4
Hamburger SV II,Hamburger SV II,2,4
Hamburger SV Jugend,Hamburger SV Jugend,2,3
Hannover 96,Hannover 96,2,6
Hannover 96 II,Hannover 96 II,2,4
Hannover 96 Jugend,Hannover 96 Jugend,2,3
Hansa Schwanewede Jugend,Hansa Schwanewede Jugend,2,3
Heracles Almelo,Heracles Almelo,2,4
Hertha BSC,Hertha BSC,2,6
Hertha BSC II,Hertha BSC II,2,4
Hertha BSC Jugend,Hertha BSC Jugend,2,3
HJK Helsinki,HJK Helsinki,2,4
HNK Hajduk Split Jugend,HNK Hajduk Split Jugend,2,3
HNK Rijeka,HNK Rijeka,2,4
Hobro IK,Hobro IK,2,4
Holstein Kiel,Holstein Kiel,2,4
Holstein Kiel II,Holstein Kiel II,2,4
Holstein Kiel Jugend,Holstein Kiel Jugend,2,3
Hombrucher SV Jugend,Hombrucher SV Jugend,2,3
Hoyerswerdaer SV Einheit Jugend,Hoyerswerdaer SV Einheit Jugend,2,3
HSC Montpellier,HSC Montpellier,2,4
HSC Montpellier B,HSC Montpellier B,2,4
HSC Montpellier Jugend,HSC Montpellier Jugend,2,3
HSV Wasmeer Jugend,HSV Wasmeer Jugend,2,3
Hutchison Vale BC Jugend,Hutchison Vale BC Jugend,2,3
HVV de Zebras Hilversum Jugend,HVV de Zebras Hilversum Jugend,2,3
IF Brommapojkarna,IF Brommapojkarna,2,4
IF Brommapojkarna Jugend,IF Brommapojkarna Jugend,2,3
IFK Goeteborg,IFK Goeteborg,2,4
IFK Goeteborg Jugend,IFK Goeteborg Jugend,2,3
IFK Norrkoeping,IFK Norrkoeping,2,4
IFK Skoevde Jugend,IFK Skoevde Jugend,2,3
INF Clairefontaine Jugend,INF Clairefontaine Jugend,2,3
Inter Mailand,Inter Mailand,2,4
Inter Mailand Jugend,Inter Mailand Jugend,2,3
Inter Mailand Primavera Jugend,Inter Mailand Primavera Jugend,2,3
Ipswich Town,Ipswich Town,2,4
Irvine Lasers Jugend,Irvine Lasers Jugend,2,3
Irvine Strikers Jugend,Irvine Strikers Jugend,2,3
Jaerva SK Jugend,Jaerva SK Jugend,2,3
Jeju United FC,Jeju United FC,2,4
Jeonnam Dragons FC,Jeonnam Dragons FC,2,4
Jeonnam Dragons Jugend,Jeonnam Dragons Jugend,2,3
JFV Bremerhaven Jugend,JFV Bremerhaven Jugend,2,3
JFV Goettingen Jugend,JFV Goettingen Jugend,2,3
Joenkoepings Soedra IF,Joenkoepings Soedra IF,2,4
JSG Gross Munzel Landringhausen Jugend,JSG Gross Munzel Landringhausen Jugend,2,3
JSG Rot Weiss Cuxhaven Jugend,JSG Rot Weiss Cuxhaven Jugend,2,3
JSG RW Cuxhaven SF Sahlenburg Jugend,JSG RW Cuxhaven SF Sahlenburg Jugend,2,3
Juventus Turin,Juventus Turin,2,4
Juventus Turin Jugend,Juventus Turin Jugend,2,3
KAA Gent,KAA Gent,2,4
KAA Gent Jugend,KAA Gent Jugend,2,3
Kagoshima Ikueikan Josei High School Jugend,Kagoshima Ikueikan Josei High School Jugend,2,3
Kagoshima Ikueikan Junior High School Jugend,Kagoshima Ikueikan Junior High School Jugend,2,3
Karbener SV Jugend,Karbener SV Jugend,2,3
Karlslunds IF,Karlslunds IF,2,4
Karlslunds IF Jugend,Karlslunds IF Jugend,2,3
Karlsruher SC,Karlsruher SC,2,4
Karlsruher SC II,Karlsruher SC II,2,4
Karlsruher SC Jugend,Karlsruher SC Jugend,2,3
Kashima Antlers,Kashima Antlers,2,4
Kayserispor,Kayserispor,2,4
KF Kosova Vushtrri Jugend,KF Kosova Vushtrri Jugend,2,3
Kickers Obertshausen Jugend,Kickers Obertshausen Jugend,2,3
Kickers Offenbach,Kickers Offenbach,2,4
Kickers Offenbach Jugend,Kickers Offenbach Jugend,2,3
Klubi 04 Helsinki,Klubi 04 Helsinki,2,4
KRC Genk,KRC Genk,2,4
KRC Genk Jugend,KRC Genk Jugend,2,3
KS Stradom Czestochowa,KS Stradom Czestochowa,2,4
KSC Lokeren,KSC Lokeren,2,4
KSP Partyzant Leszno Jugend,KSP Partyzant Leszno Jugend,2,3
Kuecuekcekmecespor Jugend,Kuecuekcekmecespor Jugend,2,3
Kummerfelder SV Jugend,Kummerfelder SV Jugend,2,3
KVV Quick 20 Jugend,KVV Quick 20 Jugend,2,3
Kyoto Sanga FC,Kyoto Sanga FC,2,4
Kyoto Sanga FC Jugend,Kyoto Sanga FC Jugend,2,3
LASK,LASK,2,4
LASK Linz II,LASK Linz II,2,4
LASK Linz Jugend,LASK Linz Jugend,2,3
Lazio Rom,Lazio Rom,2,4
Lazio Rom Primavera,Lazio Rom Primavera,2,4
LB Chateauroux,LB Chateauroux,2,4
LB Chateauroux B,LB Chateauroux B,2,4
Lech Posen,Lech Posen,2,4
Lech Posen Jugend,Lech Posen Jugend,2,3
Leeds United,Leeds United,2,4
Legia Warschau,Legia Warschau,2,4
Legia Warschau II,Legia Warschau II,2,4
Leher TS Bremerhaven Jugend,Leher TS Bremerhaven Jugend,2,3
Leicester City,Leicester City,2,4
Liaoning FC,Liaoning FC,2,4
Lichtenrader BC Jugend,Lichtenrader BC Jugend,2,3
Lillestroem SK,Lillestroem SK,2,4
Linas Montlhery Jugend,Linas Montlhery Jugend,2,3
LKS Goczalkowice Jugend,LKS Goczalkowice Jugend,2,3
Londrina Esporte Clube,Londrina Esporte Clube,2,4
LOSC Lille,LOSC Lille,2,4
LOSC Lille B,LOSC Lille B,2,4
LOSC Lille Jugend,LOSC Lille Jugend,2,3
Lucchese Berretti Jugend,Lucchese Berretti Jugend,2,3
Lyngby BK,Lyngby BK,2,4
Lyngby BK Jugend,Lyngby BK Jugend,2,3
Maccabi Haifa,Maccabi Haifa,2,4
Malmoe FF,Malmoe FF,2,4
Manchester City,Manchester City,2,4
Manchester City Jugend,Manchester City Jugend,2,3
Manchester United,Manchester United,2,4
Manchester United Jugend,Manchester United Jugend,2,3
MKF Vitkovice,MKF Vitkovice,2,4
MOL Vidi FC Jugend,MOL Vidi FC Jugend,2,3
Montmelo Jugend,Montmelo Jugend,2,3
MSK Zilina,MSK Zilina,2,4
MSV Duisburg,MSV Duisburg,2,4
MSV Duisburg II,MSV Duisburg II,2,4
MSV Duisburg Jugend,MSV Duisburg Jugend,2,3
MTK Budapest Jugend,MTK Budapest Jugend,2,3
Muehlenberger SV Jugend,Muehlenberger SV Jugend,2,3
Nagaokakyo S S Jugend,Nagaokakyo S S Jugend,2,3
NK Imotski Jugend,NK Imotski Jugend,2,3
NK Karlovac Jugend,NK Karlovac Jugend,2,3
NK Olimpija Ljubljana,NK Olimpija Ljubljana,2,4
NK Vinjani Jugend,NK Vinjani Jugend,2,3
Nottingham Forest,Nottingham Forest,2,4
Odds BK,Odds BK,2,4
Offenburger FV Jugend,Offenburger FV Jugend,2,3
OGC Nizza,OGC Nizza,2,4
Olimpia Piatra Neamt Jugend,Olimpia Piatra Neamt Jugend,2,3
Olimpik Kirovohrad Jugend,Olimpik Kirovohrad Jugend,2,3
Olympiakos Piraeus,Olympiakos Piraeus,2,4
Olympiakos Piraeus Jugend,Olympiakos Piraeus Jugend,2,3
Olympique Ales,Olympique Ales,2,4
Olympique Lyon,Olympique Lyon,2,4
Olympique Lyon B,Olympique Lyon B,2,4
Olympique Lyon Jugend,Olympique Lyon Jugend,2,3
Olympique Marseille,Olympique Marseille,2,4
Olympique Marseille Jugend,Olympique Marseille Jugend,2,3
OSC Bremerhaven Jugend,OSC Bremerhaven Jugend,2,3
OSC Lille Jugend,OSC Lille Jugend,2,3
Padroense Jugend,Padroense Jugend,2,3
Panathinaikos Athen,Panathinaikos Athen,2,4
Pandurii Targu Jiu,Pandurii Targu Jiu,2,4
Panionios Athen,Panionios Athen,2,4
PAOK Thessaloniki,PAOK Thessaloniki,2,4
Parana Soccer Technical Center,Parana Soccer Technical Center,2,4
Paris FC Jugend,Paris FC Jugend,2,3
Paris Saint Germain,Paris Saint Germain,2,4
Paris Saint Germain Jugend,Paris Saint Germain Jugend,2,3
Paris SG Jugend,Paris SG Jugend,2,3
Parma Calcio 1913,Parma Calcio 1913,2,4
Pateadores SC,Pateadores SC,2,4
PEC Zwolle,PEC Zwolle,2,4
PFK Ludogorets Razgrad,PFK Ludogorets Razgrad,2,4
Preussen Muenster,Preussen Muenster,2,4
Preussen Muenster Jugend,Preussen Muenster Jugend,2,3
Priegue CF,Priegue CF,2,4
PSV Eindhoven,PSV Eindhoven,2,4
PSV Eindhoven II,PSV Eindhoven II,2,4
PSV Eindhoven Jugend,PSV Eindhoven Jugend,2,3
PTSV Dortmund Jugend,PTSV Dortmund Jugend,2,3
Puskas Akademia FC,Puskas Akademia FC,2,4
Puskas Akademia FC Jugend,Puskas Akademia FC Jugend,2,3
Racing Strassburg Jugend,Racing Strassburg Jugend,2,3
Rakow Czestochowa Jugend,Rakow Czestochowa Jugend,2,3
Randers FC,Randers FC,2,4
RasenBallsport Leipzig,RasenBallsport Leipzig,2,6
RasenBallsport Leipzig II,RasenBallsport Leipzig II,2,4
RasenBallsport Leipzig Jugend,RasenBallsport Leipzig Jugend,2,3
RB Leipzig,RB Leipzig,2,4
RC Lens,RC Lens,2,4
RC Lens B,RC Lens B,2,4
RC Lens Jugend,RC Lens Jugend,2,3
RC Strasburg Alsace Jugend,RC Strasburg Alsace Jugend,2,3
RCD Mallorca,RCD Mallorca,2,4
RCD Mallorca B,RCD Mallorca B,2,4
Real Madrid,Real Madrid,2,4
Real Madrid B,Real Madrid B,2,4
Real Madrid Castilla,Real Madrid Castilla,2,4
Real Madrid Jugend,Real Madrid Jugend,2,3
Real Salt Lake City,Real Salt Lake City,2,4
Real Sociedad San Sebastian,Real Sociedad San Sebastian,2,4
Real Valladolid Jugend,Real Valladolid Jugend,2,3
Red Bull Juniors Salzburg,Red Bull Juniors Salzburg,2,4
Red Bull Salzburg,Red Bull Salzburg,2,4
Red Bull Salzburg Jugend,Red Bull Salzburg Jugend,2,3
Red Star Jugend,Red Star Jugend,2,3
Ris Orangis Jugend,Ris Orangis Jugend,2,3
RNK Split,RNK Split,2,4
RNK Split Jugend,RNK Split Jugend,2,3
Rosenborg BK,Rosenborg BK,2,4
Rosenborg Trondheim Jugend,Rosenborg Trondheim Jugend,2,3
Rot Weiss Ahlen,Rot Weiss Ahlen,2,4
Rot Weiss Ahlen Jugend,Rot Weiss Ahlen Jugend,2,3
Rot Weiss Erfurt,Rot Weiss Erfurt,2,4
Rot Weiss Erfurt Jugend,Rot Weiss Erfurt Jugend,2,3
Rot Weiss Essen,Rot Weiss Essen,2,4
Rot Weiss Essen Jugend,Rot Weiss Essen Jugend,2,3
Rot Weiss Oberhausen Jugend,Rot Weiss Oberhausen Jugend,2,3
Roter Stern Belgrad,Roter Stern Belgrad,2,4
RRC Vottem Jugend,RRC Vottem Jugend,2,3
RSC Anderlecht,RSC Anderlecht,2,4
RSC Anderlecht Reserve,RSC Anderlecht Reserve,2,4
RSC Charleroi,RSC Charleroi,2,4
RSV Meinerzhagen Jugend,RSV Meinerzhagen Jugend,2,3
Saint Denis US Jugend,Saint Denis US Jugend,2,3
Saint Herblain OC Jugend,Saint Herblain OC Jugend,2,3
Saint Louis Billikens,Saint Louis Billikens,2,4
Sampdoria Genua,Sampdoria Genua,2,4
Sanfrecce Hiroshima,Sanfrecce Hiroshima,2,4
SAS Epinal Jugend,SAS Epinal Jugend,2,3
SC 1919 Ronsberg Jugend,SC 1919 Ronsberg Jugend,2,3
SC Arminia Ickern Jugend,SC Arminia Ickern Jugend,2,3
SC Austria Lustenau,SC Austria Lustenau,2,4
SC Baldham Vaterstetten Jugend,SC Baldham Vaterstetten Jugend,2,3
SC Borea Dresden Jugend,SC Borea Dresden Jugend,2,3
SC Borgfeld Jugend,SC Borgfeld Jugend,2,3
SC Freiburg,SC Freiburg,2,6
SC Freiburg II,SC Freiburg II,2,4
SC Freiburg Jugend,SC Freiburg Jugend,2,3
SC Heerenveen,SC Heerenveen,2,4
SC Heerenveen II,SC Heerenveen II,2,4
SC Heerenveen Jugend,SC Heerenveen Jugend,2,3
SC Internacional Porto Alegre,SC Internacional Porto Alegre,2,4
SC Langenhagen Jugend,SC Langenhagen Jugend,2,3
SC March Jugend,SC March Jugend,2,3
SC Nebikon Jugend,SC Nebikon Jugend,2,3
SC Neheim Jugend,SC Neheim Jugend,2,3
SC Paderborn 07,SC Paderborn 07,2,4
SC Paderborn 07 Jugend,SC Paderborn 07 Jugend,2,3
SC Pfullendorf Jugend,SC Pfullendorf Jugend,2,3
SC Phoenix Essen Jugend,SC Phoenix Essen Jugend,2,3
SC Rheindorf Altach,SC Rheindorf Altach,2,4
SC Rheindorf Altach II,SC Rheindorf Altach II,2,4
SC Riesa Jugend,SC Riesa Jugend,2,3
SC Schiltigheim Jugend,SC Schiltigheim Jugend,2,3
SC Schoeftland,SC Schoeftland,2,4
SC Staaken 1919 Jugend,SC Staaken 1919 Jugend,2,3
SC Vier und Marschlande Jugend,SC Vier und Marschlande Jugend,2,3
SC Viktoria 06 Griesheim Jugend,SC Viktoria 06 Griesheim Jugend,2,3
SC Weismain Jugend,SC Weismain Jugend,2,3
SC Wiener Neustadt,SC Wiener Neustadt,2,4
SC Wiener Neustadt Jugend,SC Wiener Neustadt Jugend,2,3
SCW Obermain Jugend,SCW Obermain Jugend,2,3
Seeburger SV Jugend,Seeburger SV Jugend,2,3
Servette FC,Servette FC,2,4
Servette FC Jugend,Servette FC Jugend,2,3
SF Troisdorf Jugend,SF Troisdorf Jugend,2,3
SG 06 Betzdorf Jugend,SG 06 Betzdorf Jugend,2,3
SG Dresden Striesen Jugend,SG Dresden Striesen Jugend,2,3
SG Herne 70 Jugend,SG Herne 70 Jugend,2,3
SG Post Sued Regensburg,SG Post Sued Regensburg,2,4
SG Rot Weiss Frankfurt Jugend,SG Rot Weiss Frankfurt Jugend,2,3
SG Siemens Karlsruhe Jugend,SG Siemens Karlsruhe Jugend,2,3
SG Wattenscheid 09 Jugend,SG Wattenscheid 09 Jugend,2,3
SGA Sirnitz Jugend,SGA Sirnitz Jugend,2,3
SGV Freiberg,SGV Freiberg,2,4
SGV Freiberg Jugend,SGV Freiberg Jugend,2,3
Simoes Filho FC Jugend,Simoes Filho FC Jugend,2,3
SJK Seinaejoki,SJK Seinaejoki,2,4
SK Ceske Budojovice Jugend,SK Ceske Budojovice Jugend,2,3
SK Chrudim Jugend,SK Chrudim Jugend,2,3
SK Dynamo Ceske Budejovice,SK Dynamo Ceske Budejovice,2,4
SK Munkzwalm Jugend,SK Munkzwalm Jugend,2,3
SK Olympie Dolni Brezany Jugend,SK Olympie Dolni Brezany Jugend,2,3
SK Rapid Wien,SK Rapid Wien,2,4
SK Rapid Wien II,SK Rapid Wien II,2,4
SK Rapid Wiend Jugend,SK Rapid Wiend Jugend,2,3
SK Slavia Prag,SK Slavia Prag,2,4
SK Sturm Graz,SK Sturm Graz,2,4
SK Sturm Graz II,SK Sturm Graz II,2,4
SK Sturm Graz Jugend,SK Sturm Graz Jugend,2,3
SK Vats 94 Jugend,SK Vats 94 Jugend,2,3
Skjold IF Jugend,Skjold IF Jugend,2,3
SKV Haehnlein Jugend,SKV Haehnlein Jugend,2,3
Slavoj Zirovnice Jugend,Slavoj Zirovnice Jugend,2,3
Slovan Bratislava,Slovan Bratislava,2,4
SM Caen,SM Caen,2,4
SM Caen B,SM Caen B,2,4
SM Caen Jugend,SM Caen Jugend,2,3
Solitaires Paris Est FC Jugend,Solitaires Paris Est FC Jugend,2,3
Sparta Rotterdam,Sparta Rotterdam,2,4
Sparta Rotterdam Jugend,Sparta Rotterdam Jugend,2,3
Sport Club do Recife,Sport Club do Recife,2,4
Sport Club do Recife Jugend,Sport Club do Recife Jugend,2,3
Sportfreunde Daaden 1911 Jugend,Sportfreunde Daaden 1911 Jugend,2,3
Sportfreunde Fasanenhof Jugend,Sportfreunde Fasanenhof Jugend,2,3
Sportfreunde Muenchen Jugend,Sportfreunde Muenchen Jugend,2,3
Sportfreunde Ricklingen Jugend,Sportfreunde Ricklingen Jugend,2,3
Sporting CP CJ Jugend,Sporting CP CJ Jugend,2,3
Sporting Lissabon,Sporting Lissabon,2,4
Sporting Lissabon B,Sporting Lissabon B,2,4
Sporting Lissabon Jugend,Sporting Lissabon Jugend,2,3
Sporting Toulon,Sporting Toulon,2,4
SPV 05 Nuertingen Jugend,SPV 05 Nuertingen Jugend,2,3
SpVgg 08 Bad Nauheim Jugend,SpVgg 08 Bad Nauheim Jugend,2,3
SpVgg Eltville Jugend,SpVgg Eltville Jugend,2,3
SpVgg Erkenschwick Jugend,SpVgg Erkenschwick Jugend,2,3
SpVgg Greuther Fuerth,SpVgg Greuther Fuerth,2,4
SpVgg Greuther Fuerth II,SpVgg Greuther Fuerth II,2,4
SpVgg Greuther Fuerth Jugend,SpVgg Greuther Fuerth Jugend,2,3
SpVgg Unterhaching,SpVgg Unterhaching,2,4
SpVgg Unterhaching Jugend,SpVgg Unterhaching Jugend,2,3
SpVgg Weiden Jugend,SpVgg Weiden Jugend,2,3
SSC Juno Burg Jugend,SSC Juno Burg Jugend,2,3
SSC Neapel,SSC Neapel,2,4
SSV Bachem Jugend,SSV Bachem Jugend,2,3
SSV Hagen Jugend,SSV Hagen Jugend,2,3
SSV Jahn Regensburg,SSV Jahn Regensburg,2,4
SSV Jahn Regensburg II,SSV Jahn Regensburg II,2,4
SSV Oranien Frohnhausen 1914 Jugend,SSV Oranien Frohnhausen 1914 Jugend,2,3
SSV Reutlingen 05 Jugend,SSV Reutlingen 05 Jugend,2,3
SSV Ulm 1846 Jugend,SSV Ulm 1846 Jugend,2,3
ST Amplepuisien Jugend,ST Amplepuisien Jugend,2,3
Stade Brainois Jugend,Stade Brainois Jugend,2,3
Stade Brest 29,Stade Brest 29,2,4
Stade Laval,Stade Laval,2,4
Stade Laval B,Stade Laval B,2,4
Stade Laval Jugend,Stade Laval Jugend,2,3
Standard Luettich,Standard Luettich,2,4
Standard Luettich Jugend,Standard Luettich Jugend,2,3
Stern Kaulsdorf Jugend,Stern Kaulsdorf Jugend,2,3
Stoke City,Stoke City,2,4
Stroemsgodset IF,Stroemsgodset IF,2,4
Stuttgarter Kickers,Stuttgarter Kickers,2,4
Stuttgarter Kickers Jugend,Stuttgarter Kickers Jugend,2,3
SuS Haarzop Jugend,SuS Haarzop Jugend,2,3
SuS Niederbornsfeld Jugend,SuS Niederbornsfeld Jugend,2,3
SV 1919 Bruchenbruecken Jugend,SV 1919 Bruchenbruecken Jugend,2,3
SV Aspern Jugend,SV Aspern Jugend,2,3
SV Aubing Jugend,SV Aubing Jugend,2,3
SV Austria Salzburg,SV Austria Salzburg,2,4
SV Bad Duerkheim Jugend,SV Bad Duerkheim Jugend,2,3
SV Bergisch Gladbach 09 Jugend,SV Bergisch Gladbach 09 Jugend,2,3
SV Beuel 06 Jugend,SV Beuel 06 Jugend,2,3
SV Blau Weiss Berlin Jugend,SV Blau Weiss Berlin Jugend,2,3
SV Darmstadt 98,SV Darmstadt 98,2,4
SV Darmstadt 98 Jugend,SV Darmstadt 98 Jugend,2,3
SV Doerbach Jugend,SV Doerbach Jugend,2,3
SV Eintracht Trier 05,SV Eintracht Trier 05,2,4
SV Eintracht Trier 05 II,SV Eintracht Trier 05 II,2,4
SV Eintracht Trier 05 Jugend,SV Eintracht Trier 05 Jugend,2,3
SV Empor Berlin Jugend,SV Empor Berlin Jugend,2,3
SV Gablitz Jugend,SV Gablitz Jugend,2,3
SV Kapfenberg,SV Kapfenberg,2,4
SV Kapfenberg II,SV Kapfenberg II,2,4
SV Kirchbichl Jugend,SV Kirchbichl Jugend,2,3
SV Kleinbeuren Jugend,SV Kleinbeuren Jugend,2,3
SV Laengenfeld Jugend,SV Laengenfeld Jugend,2,3
SV Mattersburg,SV Mattersburg,2,4
SV Mettlach Jugend,SV Mettlach Jugend,2,3
SV Obercastrop,SV Obercastrop,2,4
SV Olympia 92 Braunschweig Jugend,SV Olympia 92 Braunschweig Jugend,2,3
SV Ostermuenchen Jugend,SV Ostermuenchen Jugend,2,3
SV Pfefferwerk Jugend,SV Pfefferwerk Jugend,2,3
SV Raigering Jugend,SV Raigering Jugend,2,3
SV Ried 1951 Jugend,SV Ried 1951 Jugend,2,3
SV Sandhausen,SV Sandhausen,2,4
SV Sasbach Jugend,SV Sasbach Jugend,2,3
SV Schwechat,SV Schwechat,2,4
SV Sodingen,SV Sodingen,2,4
SV Spielberg,SV Spielberg,2,4
SV Sportfreunde Merfeld Jugend,SV Sportfreunde Merfeld Jugend,2,3
SV Strasswalchen,SV Strasswalchen,2,4
SV Strehla Jugend,SV Strehla Jugend,2,3
SV Unlingen Jugend,SV Unlingen Jugend,2,3
SV Unterweissach Jugend,SV Unterweissach Jugend,2,3
SV Velbert Jugend,SV Velbert Jugend,2,3
SV Viktoria Aschaffenburg Jugend,SV Viktoria Aschaffenburg Jugend,2,3
SV Wacker Burghausen,SV Wacker Burghausen,2,4
SV Waldhof Mannheim 07 Jugend,SV Waldhof Mannheim 07 Jugend,2,3
SV Waldhof Mannheim Jugend,SV Waldhof Mannheim Jugend,2,3
SV Wehen Wiesbaden,SV Wehen Wiesbaden,2,4
SV Wehen Wiesbaden II,SV Wehen Wiesbaden II,2,4
SV Wehen Wiesbaden Jugend,SV Wehen Wiesbaden Jugend,2,3
SV Werder Bremen,SV Werder Bremen,2,6
SV Werder Bremen II,SV Werder Bremen II,2,4
SV Werder Bremen Jugend,SV Werder Bremen Jugend,2,3
SV Zimmern Jugend,SV Zimmern Jugend,2,3
SVH Koenigsbronn Jugend,SVH Koenigsbronn Jugend,2,3
SVSF Pottschach Jugend,SVSF Pottschach Jugend,2,3
SVV Reutlingen 1905 Jugend,SVV Reutlingen 1905 Jugend,2,3
SVV Scheveningen Jugend,SVV Scheveningen Jugend,2,3
Swansea City,Swansea City,2,4
Tampa Bay Rowdies,Tampa Bay Rowdies,2,4
Team FC Luzern SC Kriens Jugend,Team FC Luzern SC Kriens Jugend,2,3
Team Wiener Linien,Team Wiener Linien,2,4
Team Wiener Linien Jugend,Team Wiener Linien Jugend,2,3
Team Winterthur Schaffhauen Jugend,Team Winterthur Schaffhauen Jugend,2,3
Team Winterthur Schaffhausen Jugend,Team Winterthur Schaffhausen Jugend,2,3
Teamsportakademie Kapfenberg,Teamsportakademie Kapfenberg,2,4
Tennis Borussia Berlin Jugend,Tennis Borussia Berlin Jugend,2,3
Teutonia Obernau Jugend,Teutonia Obernau Jugend,2,3
Thyella Agiou Dimitriou Jugend,Thyella Agiou Dimitriou Jugend,2,3
Tiajin Quanjian,Tiajin Quanjian,2,4
Torrent CF Jugend,Torrent CF Jugend,2,3
Tottenham Hotspur,Tottenham Hotspur,2,4
Tottenham Hotspur Jugend,Tottenham Hotspur Jugend,2,3
Tours FC Jugend,Tours FC Jugend,2,3
Trappes Saint Quentin FC Jugend,Trappes Saint Quentin FC Jugend,2,3
TSB Ravensburg Jugend,TSB Ravensburg Jugend,2,3
TSF Ditzingen Jugend,TSF Ditzingen Jugend,2,3
TSG 1899 Hoffenheim,TSG 1899 Hoffenheim,2,6
TSG 1899 Hoffenheim II,TSG 1899 Hoffenheim II,2,4
TSG 1899 Hoffenheim Jugend,TSG 1899 Hoffenheim Jugend,2,3
TSG Backnang,TSG Backnang,2,4
TSG Backnang Jugend,TSG Backnang Jugend,2,3
TSG Bad Wurzach Jugend,TSG Bad Wurzach Jugend,2,3
TSG Balingen,TSG Balingen,2,4
TSG Balingen Jugend,TSG Balingen Jugend,2,3
TSG Hoffenheim,TSG Hoffenheim,2,4
TSG Thannhausen Jugend,TSG Thannhausen Jugend,2,3
TSG Wieseck Jugend,TSG Wieseck Jugend,2,3
TSV 1860 Muenchen,TSV 1860 Muenchen,2,4
TSV 1860 Muenchen II,TSV 1860 Muenchen II,2,4
TSV 1860 Muenchen Jugend,TSV 1860 Muenchen Jugend,2,3
TSV 1860 Rosenheim Jugend,TSV 1860 Rosenheim Jugend,2,3
TSV Achim Jugend,TSV Achim Jugend,2,3
TSV Beuren Jugend,TSV Beuren Jugend,2,3
TSV Brannenburg Jugend,TSV Brannenburg Jugend,2,3
TSV Ebersberg Jugend,TSV Ebersberg Jugend,2,3
TSV Germania Lamme Jugend,TSV Germania Lamme Jugend,2,3
TSV Gross Munzel,TSV Gross Munzel,2,4
TSV Grossbardorf Jugend,TSV Grossbardorf Jugend,2,3
TSV Havelse,TSV Havelse,2,4
TSV Havelse Jugend,TSV Havelse Jugend,2,3
TSV Lichtenwald Jugend,TSV Lichtenwald Jugend,2,3
TSV Mainaschaff Jugend,TSV Mainaschaff Jugend,2,3
TSV Moenchroeden Jugend,TSV Moenchroeden Jugend,2,3
TSV Neumarkt,TSV Neumarkt,2,4
TSV Neustadt Aisch Jugend,TSV Neustadt Aisch Jugend,2,3
TSV Otterndorf Jugend,TSV Otterndorf Jugend,2,3
TSV Paehl Jugend,TSV Paehl Jugend,2,3
TSV Palmbach Jugend,TSV Palmbach Jugend,2,3
TSV Raesfeld Jugend,TSV Raesfeld Jugend,2,3
TSV Reinbek Jugend,TSV Reinbek Jugend,2,3
TSV Rot Rot Jugend,TSV Rot Rot Jugend,2,3
TSV Schornbach Jugend,TSV Schornbach Jugend,2,3
TSV Steinhaldenfeld Jugend,TSV Steinhaldenfeld Jugend,2,3
TSV Weissach Jugend,TSV Weissach Jugend,2,3
TSV Wendelstein Jugend,TSV Wendelstein Jugend,2,3
TSV Wiesental Jugend,TSV Wiesental Jugend,2,3
TuRa Lommersdorf Jugend,TuRa Lommersdorf Jugend,2,3
Turun Pallokerho Jugend,Turun Pallokerho Jugend,2,3
Turun Palloseura,Turun Palloseura,2,4
TuS 1906 Heeslingen Jugend,TuS 1906 Heeslingen Jugend,2,3
TuS Appen Jugend,TuS Appen Jugend,2,3
TuS Koblenz,TuS Koblenz,2,4
TuS Lingen Jugend,TuS Lingen Jugend,2,3
TuS Ricklingen Jugend,TuS Ricklingen Jugend,2,3
TV 1883 Lampertheim,TV 1883 Lampertheim,2,4
UD Santa Cruz Jugend,UD Santa Cruz Jugend,2,3
UD Tegueste Jugend,UD Tegueste Jugend,2,3
Udinese Calcio,Udinese Calcio,2,4
Ujpest FC Jugend,Ujpest FC Jugend,2,3
Urawa Red Diamonds,Urawa Red Diamonds,2,4
Ureca Nigran,Ureca Nigran,2,4
US ASCQ Jugend,US ASCQ Jugend,2,3
US Boulogne,US Boulogne,2,4
US Boulogne Jugend,US Boulogne Jugend,2,3
US Chambray les Tours Jugend,US Chambray les Tours Jugend,2,3
US Creteil Jugend,US Creteil Jugend,2,3
US Jeumont Jugend,US Jeumont Jugend,2,3
US Palermo,US Palermo,2,4
US Saint Quentin Blessy Jugend,US Saint Quentin Blessy Jugend,2,3
US Senart Moissy Jugend,US Senart Moissy Jugend,2,3
USAM Toulon Marines Jugend,USAM Toulon Marines Jugend,2,3
USC Abersee Jugend,USC Abersee Jugend,2,3
USC Mattsee Jugend,USC Mattsee Jugend,2,3
USK Anif Jugend,USK Anif Jugend,2,3
USL Dunkerque Jugend,USL Dunkerque Jugend,2,3
Valerenga Oslo,Valerenga Oslo,2,4
Valerenga Oslo Jugend,Valerenga Oslo Jugend,2,3
Vancouver Whitecaps,Vancouver Whitecaps,2,4
Vasco da Gama Rio de Janeiro,Vasco da Gama Rio de Janeiro,2,4
VfB 03 Hilden Jugend,VfB 03 Hilden Jugend,2,3
VfB 06 Grossauheim Jugend,VfB 06 Grossauheim Jugend,2,3
VfB Chemnitz Jugend,VfB Chemnitz Jugend,2,3
VfB Einberg Jugend,VfB Einberg Jugend,2,3
VfB Groetzingen Jugend,VfB Groetzingen Jugend,2,3
VfB Guennigfeld Jugend,VfB Guennigfeld Jugend,2,3
VfB Habinghorst,VfB Habinghorst,2,4
VfB Habinghorst Jugend,VfB Habinghorst Jugend,2,3
VfB Kirchhellen Jugend,VfB Kirchhellen Jugend,2,3
VfB Langendreerholz Jugend,VfB Langendreerholz Jugend,2,3
VfB Leipzig Jugend,VfB Leipzig Jugend,2,3
VfB Oldenburg,VfB Oldenburg,2,4
VfB Solingen Jugend,VfB Solingen Jugend,2,3
VfB Stuttgart,VfB Stuttgart,2,6
VfB Stuttgart II,VfB Stuttgart II,2,4
VfB Stuttgart Il,VfB Stuttgart Il,2,4
VfB Stuttgart Jugend,VfB Stuttgart Jugend,2,3
VfB Wissen Jugend,VfB Wissen Jugend,2,3
VfL Bochum,VfL Bochum,2,4
VfL Bochum II,VfL Bochum II,2,4
VfL Bochum Jugend,VfL Bochum Jugend,2,3
VfL Kassel Jugend,VfL Kassel Jugend,2,3
VfL Kaufering Jugend,VfL Kaufering Jugend,2,3
VfL Kirchheim Jugend,VfL Kirchheim Jugend,2,3
VfL Neckarau Jugend,VfL Neckarau Jugend,2,3
VfL Oldenburg Jugend,VfL Oldenburg Jugend,2,3
VfL Osnabrueck,VfL Osnabrueck,2,4
VfL Osnabrueck Jugend,VfL Osnabrueck Jugend,2,3
VfL Pfullingen Jugend,VfL Pfullingen Jugend,2,3
VfL Wolfsburg,VfL Wolfsburg,2,6
VfL Wolfsburg II,VfL Wolfsburg II,2,4
VfL Wolfsburg Jugend,VfL Wolfsburg Jugend,2,3
VfR Aalen,VfR Aalen,2,4
VfR Frankenthal Jugend,VfR Frankenthal Jugend,2,3
VfR Kesselstadt Jugend,VfR Kesselstadt Jugend,2,3
VfR Rauxel 08 Jugend,VfR Rauxel 08 Jugend,2,3
Viking Stavanger,Viking Stavanger,2,4
Viktoria Bregenz,Viktoria Bregenz,2,4
Viry Chatillon Jugend,Viry Chatillon Jugend,2,3
Vitesse Arnheim,Vitesse Arnheim,2,4
VS Angers Jugend,VS Angers Jugend,2,3
VSK Osterholz Scharmbeck Jugend,VSK Osterholz Scharmbeck Jugend,2,3
VV Bedum Jugend,VV Bedum Jugend,2,3
VV St Truiden,VV St Truiden,2,4
VVV Venlo Jugend,VVV Venlo Jugend,2,3
Warri Wolves FC,Warri Wolves FC,2,4
West Ham United,West Ham United,2,4
Wigan Athletic,Wigan Athletic,2,4
Willem II Tilburg,Willem II Tilburg,2,4
Willem II Tilburg II,Willem II Tilburg II,2,4
Willem II Tilburg Jugend,Willem II Tilburg Jugend,2,3
Wisla Krakau,Wisla Krakau,2,4
Wolverhampton Wanderers,Wolverhampton Wanderers,2,4
WSV Bochum Jugend,WSV Bochum Jugend,2,3
Wydad Casablanca Jugend,Wydad Casablanca Jugend,2,3
Young Meteors Tamale Jugend,Young Meteors Tamale Jugend,2,3
Young Violets Austria Wien,Young Violets Austria Wien,2,4
Zenit St Petersburg,Zenit St Petersburg,2,4
Zions Bank Real Academy,Zions Bank Real Academy,2,4
Znicz Pruszkow,Znicz Pruszkow,2,4
ZSKA Moskau,ZSKA Moskau,2,4
